"","adu10mg","bap150ug","bap1mg","bap500ug","bapb2mg","cre15mg","cre300mg","cre60mg","don1400mg","gan105mg","gan225mg","lec10mg","lec2500ug","lec5mg","placebo","pon100ug","pon10mg","pon1mg","pon3mg","pon500ug","pon7500ug","pon8500ug","sem1500mg","sem4500mg","sem8100mg","sol100mg","sol400mg","til1000mg","til2000mg","til300mg"
"adu10mg","adu10mg","6.36 (0.76, 12.06)","1.27 (-0.13, 2.73)","0.28 (-0.79, 1.35)","3.9 (-0.89, 8.64)","-0.96 (-3.84, 1.96)","0.79 (-2.11, 3.81)","1.15 (-1.39, 3.7)","-0.97 (-3.11, 1.21)","0.2 (-1.87, 2.36)","0.61 (-1.48, 2.82)","-0.5 (-1.79, 0.88)","1.1 (-1.49, 3.83)","0.74 (-0.99, 2.51)","0.83 (0.14, 1.7)","2.34 (-3.38, 8.01)","9.46 (2.54, 16.18)","2.91 (-3.12, 8.96)","2.47 (-2.89, 7.63)","2.64 (-3.15, 8.64)","-0.63 (-7.82, 6.55)","1.66 (-3.47, 6.82)","3 (0.36, 5.69)","0.33 (-1.95, 2.64)","1.92 (-0.65, 4.54)","1.73 (-1.21, 5.06)","-0.03 (-1.24, 1.25)","-8.22 (-11.29, -5.01)","-6.52 (-9.9, -3.19)","-7.96 (-11.42, -4.61)"
"bap150ug","-6.36 (-12.06, -0.76)","bap150ug","-5.07 (-10.9, 0.54)","-6.06 (-11.83, -0.57)","-2.42 (-9.96, 4.92)","-7.37 (-13.58, -1.06)","-5.58 (-11.81, 0.62)","-5.23 (-11.29, 0.93)","-7.34 (-13.36, -1.49)","-6.16 (-12.12, -0.35)","-5.78 (-11.69, 0.17)","-6.85 (-12.59, -1.27)","-5.28 (-11.44, 0.86)","-5.62 (-11.53, 0.12)","-5.49 (-11.16, 0.01)","-3.95 (-11.96, 3.74)","3.1 (-6.09, 11.63)","-3.44 (-11.64, 4.89)","-3.97 (-11.46, 3.77)","-3.63 (-11.7, 4.62)","-7.1 (-16, 1.97)","-4.71 (-12.38, 2.8)","-3.36 (-9.53, 2.62)","-6.02 (-12.17, -0.08)","-4.45 (-10.67, 1.5)","-4.57 (-11.06, 1.75)","-6.38 (-12.13, -0.8)","-14.51 (-21, -8.44)","-12.98 (-19.36, -6.38)","-14.32 (-21.11, -7.85)"
"bap1mg","-1.27 (-2.73, 0.13)","5.07 (-0.54, 10.9)","bap1mg","-0.99 (-2.25, 0.21)","2.64 (-2.27, 7.51)","-2.24 (-5.24, 0.85)","-0.48 (-3.51, 2.66)","-0.12 (-2.87, 2.58)","-2.26 (-4.59, 0.11)","-1.07 (-3.4, 1.27)","-0.66 (-2.97, 1.71)","-1.77 (-3.36, -0.16)","-0.17 (-2.91, 2.64)","-0.54 (-2.54, 1.45)","-0.43 (-1.63, 0.78)","1.08 (-4.74, 6.75)","8.17 (1.2, 14.98)","1.6 (-4.42, 7.76)","1.17 (-4.16, 6.42)","1.39 (-4.5, 7.45)","-1.93 (-9.18, 5.37)","0.4 (-4.78, 5.62)","1.73 (-1.04, 4.53)","-0.94 (-3.41, 1.52)","0.63 (-2.11, 3.42)","0.46 (-2.64, 3.97)","-1.29 (-2.82, 0.23)","-9.47 (-12.8, -6.16)","-7.78 (-11.35, -4.34)","-9.23 (-12.96, -5.73)"
"bap500ug","-0.28 (-1.35, 0.79)","6.06 (0.57, 11.83)","0.99 (-0.21, 2.25)","bap500ug","3.62 (-1.17, 8.39)","-1.27 (-4.13, 1.68)","0.52 (-2.39, 3.53)","0.86 (-1.69, 3.41)","-1.25 (-3.4, 0.92)","-0.08 (-2.18, 2.05)","0.32 (-1.77, 2.53)","-0.77 (-2.06, 0.56)","0.83 (-1.77, 3.53)","0.45 (-1.26, 2.21)","0.57 (-0.15, 1.36)","2.05 (-3.69, 7.67)","9.14 (2.3, 15.89)","2.63 (-3.37, 8.69)","2.2 (-3.15, 7.34)","2.39 (-3.4, 8.37)","-0.91 (-8.14, 6.29)","1.38 (-3.75, 6.56)","2.71 (0.07, 5.4)","0.05 (-2.21, 2.35)","1.6 (-0.9, 4.27)","1.45 (-1.46, 4.78)","-0.32 (-1.5, 0.94)","-8.49 (-11.58, -5.33)","-6.82 (-10.17, -3.47)","-8.23 (-11.75, -4.92)"
"bapb2mg","-3.9 (-8.64, 0.89)","2.42 (-4.92, 9.96)","-2.64 (-7.51, 2.27)","-3.62 (-8.39, 1.17)","bapb2mg","-4.87 (-10.45, 0.69)","-3.1 (-8.66, 2.42)","-2.81 (-8.01, 2.63)","-4.96 (-9.93, 0.31)","-3.73 (-8.83, 1.44)","-3.28 (-8.51, 1.88)","-4.39 (-9.23, 0.47)","-2.8 (-8.21, 2.69)","-3.16 (-8.15, 1.83)","-3.05 (-7.72, 1.69)","-1.54 (-9.15, 5.84)","5.58 (-2.91, 13.79)","-0.98 (-8.66, 6.65)","-1.46 (-8.26, 5.47)","-1.22 (-8.69, 6.35)","-4.62 (-12.93, 3.85)","-2.22 (-9.18, 4.54)","-0.91 (-6.18, 4.5)","-3.59 (-8.74, 1.65)","-2 (-7.35, 3.43)","-2.15 (-7.66, 3.43)","-3.94 (-8.68, 0.93)","-12.12 (-17.61, -6.44)","-10.46 (-16.03, -4.74)","-11.9 (-17.56, -6.11)"
"cre15mg","0.96 (-1.96, 3.84)","7.37 (1.06, 13.58)","2.24 (-0.85, 5.24)","1.27 (-1.68, 4.13)","4.87 (-0.69, 10.45)","cre15mg","1.77 (-2.22, 5.75)","2.1 (-1.66, 5.8)","-0.02 (-3.51, 3.46)","1.17 (-2.26, 4.56)","1.59 (-1.86, 4.97)","0.46 (-2.55, 3.49)","2.09 (-1.71, 5.83)","1.73 (-1.53, 4.89)","1.81 (-1, 4.59)","3.32 (-2.91, 9.47)","10.37 (2.93, 17.71)","3.89 (-2.64, 10.32)","3.42 (-2.46, 9.17)","3.65 (-2.78, 10.23)","0.36 (-7.46, 8.03)","2.61 (-3.16, 8.47)","3.99 (0.14, 7.73)","1.29 (-2.32, 4.9)","2.85 (-0.91, 6.67)","2.74 (-1.36, 6.86)","0.96 (-2.07, 3.89)","-7.19 (-11.43, -3.16)","-5.52 (-9.95, -1.29)","-6.99 (-11.26, -2.68)"
"cre300mg","-0.79 (-3.81, 2.11)","5.58 (-0.62, 11.81)","0.48 (-2.66, 3.51)","-0.52 (-3.53, 2.39)","3.1 (-2.42, 8.66)","-1.77 (-5.75, 2.22)","cre300mg","0.32 (-3.44, 4.1)","-1.78 (-5.3, 1.78)","-0.6 (-4.13, 2.88)","-0.2 (-3.66, 3.28)","-1.29 (-4.36, 1.77)","0.3 (-3.55, 4.18)","-0.07 (-3.38, 3.18)","0.05 (-2.85, 2.89)","1.53 (-4.72, 8.29)","8.64 (1.17, 15.91)","2.11 (-4.33, 8.91)","1.69 (-4.21, 7.48)","1.84 (-4.53, 8.49)","-1.47 (-9.12, 6.38)","0.82 (-5.05, 6.67)","2.22 (-1.76, 6.04)","-0.45 (-4.19, 3.08)","1.13 (-2.74, 4.84)","0.96 (-3.23, 5.35)","-0.82 (-3.9, 2.16)","-8.97 (-13.24, -4.79)","-7.33 (-11.69, -2.98)","-8.77 (-13.02, -4.49)"
"cre60mg","-1.15 (-3.7, 1.39)","5.23 (-0.93, 11.29)","0.12 (-2.58, 2.87)","-0.86 (-3.41, 1.69)","2.81 (-2.63, 8.01)","-2.1 (-5.8, 1.66)","-0.32 (-4.1, 3.44)","cre60mg","-2.1 (-5.27, 1.03)","-0.94 (-4.08, 2.2)","-0.54 (-3.67, 2.66)","-1.64 (-4.29, 1)","-0.03 (-3.52, 3.43)","-0.42 (-3.32, 2.46)","-0.29 (-2.71, 2.16)","1.23 (-5.02, 7.53)","8.34 (0.95, 15.38)","1.74 (-4.71, 8.58)","1.31 (-4.54, 7.03)","1.51 (-4.75, 8.21)","-1.74 (-9.44, 5.8)","0.52 (-5.04, 6.17)","1.85 (-1.67, 5.39)","-0.8 (-4.07, 2.47)","0.76 (-2.7, 4.26)","0.63 (-3.19, 4.67)","-1.19 (-3.78, 1.45)","-9.35 (-13.22, -5.39)","-7.68 (-11.74, -3.59)","-9.15 (-13.1, -5.03)"
"don1400mg","0.97 (-1.21, 3.11)","7.34 (1.49, 13.36)","2.26 (-0.11, 4.59)","1.25 (-0.92, 3.4)","4.96 (-0.31, 9.93)","0.02 (-3.46, 3.51)","1.78 (-1.78, 5.3)","2.1 (-1.03, 5.27)","don1400mg","1.16 (-1.64, 4.03)","1.58 (-1.25, 4.53)","0.49 (-1.87, 2.78)","2.08 (-1.14, 5.32)","1.71 (-0.88, 4.29)","1.82 (-0.22, 3.86)","3.28 (-2.73, 9.59)","10.49 (3.24, 17.41)","3.9 (-2.49, 10.32)","3.47 (-2.33, 8.94)","3.63 (-2.46, 10.01)","0.35 (-7.22, 7.7)","2.66 (-2.92, 8.15)","3.98 (0.75, 7.24)","1.3 (-1.65, 4.31)","2.88 (-0.35, 6.17)","2.72 (-0.75, 6.63)","0.94 (-1.33, 3.2)","-7.24 (-10.9, -3.54)","-5.56 (-9.41, -1.72)","-7.01 (-10.8, -3.09)"
"gan105mg","-0.2 (-2.36, 1.87)","6.16 (0.35, 12.12)","1.07 (-1.27, 3.4)","0.08 (-2.05, 2.18)","3.73 (-1.44, 8.83)","-1.17 (-4.56, 2.26)","0.6 (-2.88, 4.13)","0.94 (-2.2, 4.08)","-1.16 (-4.03, 1.64)","gan105mg","0.4 (-1.58, 2.46)","-0.7 (-2.93, 1.56)","0.91 (-2.27, 4.2)","0.56 (-2.01, 3.02)","0.65 (-1.31, 2.62)","2.15 (-3.9, 7.94)","9.23 (2.15, 16.27)","2.72 (-3.58, 8.94)","2.26 (-3.28, 7.71)","2.43 (-3.57, 8.73)","-0.77 (-8.41, 6.68)","1.46 (-3.98, 6.94)","2.81 (-0.4, 5.98)","0.14 (-2.83, 3.03)","1.72 (-1.47, 4.84)","1.54 (-1.92, 5.24)","-0.23 (-2.44, 1.95)","-8.4 (-12.05, -4.78)","-6.7 (-10.63, -2.99)","-8.16 (-12.13, -4.3)"
"gan225mg","-0.61 (-2.82, 1.48)","5.78 (-0.17, 11.69)","0.66 (-1.71, 2.97)","-0.32 (-2.53, 1.77)","3.28 (-1.88, 8.51)","-1.59 (-4.97, 1.86)","0.2 (-3.28, 3.66)","0.54 (-2.66, 3.67)","-1.58 (-4.53, 1.25)","-0.4 (-2.46, 1.58)","gan225mg","-1.11 (-3.42, 1.18)","0.51 (-2.68, 3.73)","0.13 (-2.49, 2.64)","0.23 (-1.8, 2.24)","1.73 (-4.35, 7.65)","8.8 (1.62, 15.78)","2.3 (-4.03, 8.62)","1.87 (-3.7, 7.34)","2.03 (-3.99, 8.31)","-1.23 (-8.72, 6.13)","1.02 (-4.38, 6.55)","2.38 (-0.85, 5.57)","-0.28 (-3.25, 2.63)","1.29 (-1.91, 4.45)","1.15 (-2.36, 4.73)","-0.65 (-2.88, 1.57)","-8.81 (-12.44, -5.18)","-7.15 (-11.03, -3.39)","-8.58 (-12.63, -4.78)"
"lec10mg","0.5 (-0.88, 1.79)","6.85 (1.27, 12.59)","1.77 (0.16, 3.36)","0.77 (-0.56, 2.06)","4.39 (-0.47, 9.23)","-0.46 (-3.49, 2.55)","1.29 (-1.77, 4.36)","1.64 (-1, 4.29)","-0.49 (-2.78, 1.87)","0.7 (-1.56, 2.93)","1.11 (-1.18, 3.42)","lec10mg","1.59 (-1.14, 4.42)","1.23 (-0.67, 3.13)","1.34 (0.25, 2.44)","2.82 (-2.96, 8.69)","9.95 (3, 16.71)","3.4 (-2.69, 9.49)","2.97 (-2.45, 8.15)","3.14 (-2.73, 9.18)","-0.13 (-7.43, 7.05)","2.14 (-3.03, 7.35)","3.5 (0.74, 6.26)","0.83 (-1.6, 3.22)","2.41 (-0.31, 5.11)","2.23 (-0.8, 5.67)","0.47 (-1.01, 1.94)","-7.72 (-10.95, -4.46)","-6.03 (-9.54, -2.55)","-7.47 (-11.06, -4.04)"
"lec2500ug","-1.1 (-3.83, 1.49)","5.28 (-0.86, 11.44)","0.17 (-2.64, 2.91)","-0.83 (-3.53, 1.77)","2.8 (-2.69, 8.21)","-2.09 (-5.83, 1.71)","-0.3 (-4.18, 3.55)","0.03 (-3.43, 3.52)","-2.08 (-5.32, 1.14)","-0.91 (-4.2, 2.27)","-0.51 (-3.73, 2.68)","-1.59 (-4.42, 1.14)","lec2500ug","-0.37 (-3.42, 2.57)","-0.25 (-2.85, 2.25)","1.23 (-5.07, 7.32)","8.28 (0.96, 15.43)","1.8 (-4.74, 8.29)","1.36 (-4.39, 7.08)","1.56 (-4.69, 8.08)","-1.72 (-9.43, 5.84)","0.54 (-5.12, 6.29)","1.87 (-1.68, 5.43)","-0.76 (-4.1, 2.51)","0.8 (-2.79, 4.34)","0.66 (-3.17, 4.55)","-1.12 (-3.92, 1.52)","-9.31 (-13.32, -5.3)","-7.62 (-11.87, -3.56)","-9.05 (-13.64, -4.99)"
"lec5mg","-0.74 (-2.51, 0.99)","5.62 (-0.12, 11.53)","0.54 (-1.45, 2.54)","-0.45 (-2.21, 1.26)","3.16 (-1.83, 8.15)","-1.73 (-4.89, 1.53)","0.07 (-3.18, 3.38)","0.42 (-2.46, 3.32)","-1.71 (-4.29, 0.88)","-0.56 (-3.02, 2.01)","-0.13 (-2.64, 2.49)","-1.23 (-3.13, 0.67)","0.37 (-2.57, 3.42)","lec5mg","0.11 (-1.46, 1.7)","1.63 (-4.33, 7.38)","8.67 (1.66, 15.57)","2.19 (-3.98, 8.4)","1.73 (-3.84, 7.04)","1.91 (-4.07, 8.09)","-1.36 (-8.89, 6)","0.89 (-4.37, 6.31)","2.25 (-0.77, 5.24)","-0.4 (-3.08, 2.25)","1.17 (-1.77, 4.12)","1.01 (-2.28, 4.54)","-0.77 (-2.63, 1.1)","-8.95 (-12.36, -5.5)","-7.23 (-10.98, -3.65)","-8.68 (-12.54, -5.14)"
"placebo","-0.83 (-1.7, -0.14)","5.49 (-0.01, 11.16)","0.43 (-0.78, 1.63)","-0.57 (-1.36, 0.15)","3.05 (-1.69, 7.72)","-1.81 (-4.59, 1)","-0.05 (-2.89, 2.85)","0.29 (-2.16, 2.71)","-1.82 (-3.86, 0.22)","-0.65 (-2.62, 1.31)","-0.23 (-2.24, 1.8)","-1.34 (-2.44, -0.25)","0.25 (-2.25, 2.85)","-0.11 (-1.7, 1.46)","placebo","1.47 (-4.21, 7.12)","8.6 (1.7, 15.25)","2.04 (-3.91, 8.04)","1.63 (-3.68, 6.72)","1.77 (-3.92, 7.75)","-1.49 (-8.69, 5.66)","0.81 (-4.29, 5.91)","2.15 (-0.4, 4.71)","-0.52 (-2.7, 1.63)","1.07 (-1.41, 3.55)","0.87 (-1.98, 4.13)","-0.87 (-1.86, 0.09)","-9.07 (-12.1, -5.99)","-7.37 (-10.7, -4.1)","-8.81 (-12.2, -5.54)"
"pon100ug","-2.34 (-8.01, 3.38)","3.95 (-3.74, 11.96)","-1.08 (-6.75, 4.74)","-2.05 (-7.67, 3.69)","1.54 (-5.84, 9.15)","-3.32 (-9.47, 2.91)","-1.53 (-8.29, 4.72)","-1.23 (-7.53, 5.02)","-3.28 (-9.59, 2.73)","-2.15 (-7.94, 3.9)","-1.73 (-7.65, 4.35)","-2.82 (-8.69, 2.96)","-1.23 (-7.32, 5.07)","-1.63 (-7.38, 4.33)","-1.47 (-7.12, 4.21)","pon100ug","7.14 (-2.11, 16.08)","0.57 (-5.27, 6.5)","0.2 (-7.96, 7.75)","0.29 (-5.43, 6.32)","-2.91 (-12.3, 6.25)","-0.67 (-8.59, 7.1)","0.64 (-5.46, 6.99)","-2.01 (-8.07, 4.18)","-0.49 (-6.62, 5.85)","-0.59 (-6.93, 5.76)","-2.38 (-8.05, 3.4)","-10.51 (-17.14, -4.14)","-8.84 (-15.43, -2.45)","-10.31 (-17.16, -3.78)"
"pon10mg","-9.46 (-16.18, -2.54)","-3.1 (-11.63, 6.09)","-8.17 (-14.98, -1.2)","-9.14 (-15.89, -2.3)","-5.58 (-13.79, 2.91)","-10.37 (-17.71, -2.93)","-8.64 (-15.91, -1.17)","-8.34 (-15.38, -0.95)","-10.49 (-17.41, -3.24)","-9.23 (-16.27, -2.15)","-8.8 (-15.78, -1.62)","-9.95 (-16.71, -3)","-8.28 (-15.43, -0.96)","-8.67 (-15.57, -1.66)","-8.6 (-15.25, -1.7)","-7.14 (-16.08, 2.11)","pon10mg","-6.61 (-15.41, 2.8)","-7.02 (-15.79, 1.75)","-6.75 (-15.83, 2.69)","-9.99 (-20.17, 0.06)","-7.84 (-16.36, 1.21)","-6.46 (-13.53, 0.94)","-9.17 (-16.02, -1.86)","-7.51 (-14.6, -0.22)","-7.66 (-14.94, -0.14)","-9.44 (-16.24, -2.51)","-17.62 (-25.3, -10.1)","-15.97 (-23.68, -8.34)","-17.4 (-25.14, -9.77)"
"pon1mg","-2.91 (-8.96, 3.12)","3.44 (-4.89, 11.64)","-1.6 (-7.76, 4.42)","-2.63 (-8.69, 3.37)","0.98 (-6.65, 8.66)","-3.89 (-10.32, 2.64)","-2.11 (-8.91, 4.33)","-1.74 (-8.58, 4.71)","-3.9 (-10.32, 2.49)","-2.72 (-8.94, 3.58)","-2.3 (-8.62, 4.03)","-3.4 (-9.49, 2.69)","-1.8 (-8.29, 4.74)","-2.19 (-8.4, 3.98)","-2.04 (-8.04, 3.91)","-0.57 (-6.5, 5.27)","6.61 (-2.8, 15.41)","pon1mg","-0.4 (-8.78, 7.4)","-0.23 (-6.06, 5.56)","-3.54 (-13.16, 5.67)","-1.22 (-9.35, 6.7)","0.12 (-6.5, 6.68)","-2.55 (-8.88, 3.85)","-1 (-7.43, 5.53)","-1.17 (-7.87, 5.63)","-2.93 (-9.03, 3.11)","-11.1 (-17.83, -4.3)","-9.48 (-16.31, -2.73)","-10.83 (-18.23, -4.09)"
"pon3mg","-2.47 (-7.63, 2.89)","3.97 (-3.77, 11.46)","-1.17 (-6.42, 4.16)","-2.2 (-7.34, 3.15)","1.46 (-5.47, 8.26)","-3.42 (-9.17, 2.46)","-1.69 (-7.48, 4.21)","-1.31 (-7.03, 4.54)","-3.47 (-8.94, 2.33)","-2.26 (-7.71, 3.28)","-1.87 (-7.34, 3.7)","-2.97 (-8.15, 2.45)","-1.36 (-7.08, 4.39)","-1.73 (-7.04, 3.84)","-1.63 (-6.72, 3.68)","-0.2 (-7.75, 7.96)","7.02 (-1.75, 15.79)","0.4 (-7.4, 8.78)","pon3mg","0.2 (-7.54, 8.43)","-3.06 (-11.94, 5.78)","-0.77 (-6.13, 4.61)","0.49 (-5.11, 6.61)","-2.17 (-7.69, 3.74)","-0.55 (-6.23, 5.35)","-0.73 (-6.6, 5.3)","-2.49 (-7.69, 2.9)","-10.73 (-16.66, -4.49)","-8.93 (-15.07, -2.75)","-10.46 (-16.44, -4.14)"
"pon500ug","-2.64 (-8.64, 3.15)","3.63 (-4.62, 11.7)","-1.39 (-7.45, 4.5)","-2.39 (-8.37, 3.4)","1.22 (-6.35, 8.69)","-3.65 (-10.23, 2.78)","-1.84 (-8.49, 4.53)","-1.51 (-8.21, 4.75)","-3.63 (-10.01, 2.46)","-2.43 (-8.73, 3.57)","-2.03 (-8.31, 3.99)","-3.14 (-9.18, 2.73)","-1.56 (-8.08, 4.69)","-1.91 (-8.09, 4.07)","-1.77 (-7.75, 3.92)","-0.29 (-6.32, 5.43)","6.75 (-2.69, 15.83)","0.23 (-5.56, 6.06)","-0.2 (-8.43, 7.54)","pon500ug","-3.35 (-12.91, 5.71)","-1.07 (-9.01, 6.98)","0.34 (-6.25, 6.57)","-2.31 (-8.65, 3.79)","-0.77 (-7.22, 5.48)","-0.93 (-7.57, 5.38)","-2.67 (-8.74, 3.11)","-10.88 (-17.46, -4.47)","-9.2 (-16.16, -2.6)","-10.65 (-17.76, -4.24)"
"pon7500ug","0.63 (-6.55, 7.82)","7.1 (-1.97, 16)","1.93 (-5.37, 9.18)","0.91 (-6.29, 8.14)","4.62 (-3.85, 12.93)","-0.36 (-8.03, 7.46)","1.47 (-6.38, 9.12)","1.74 (-5.8, 9.44)","-0.35 (-7.7, 7.22)","0.77 (-6.68, 8.41)","1.23 (-6.13, 8.72)","0.13 (-7.05, 7.43)","1.72 (-5.84, 9.43)","1.36 (-6, 8.89)","1.49 (-5.66, 8.69)","2.91 (-6.25, 12.3)","9.99 (-0.06, 20.17)","3.54 (-5.67, 13.16)","3.06 (-5.78, 11.94)","3.35 (-5.71, 12.91)","pon7500ug","2.2 (-6.52, 11.15)","3.63 (-3.81, 11.34)","0.94 (-6.45, 8.7)","2.54 (-5.04, 10.33)","2.38 (-5.38, 10.24)","0.61 (-6.59, 7.91)","-7.6 (-15.23, 0.38)","-5.93 (-13.63, 2.03)","-7.45 (-15.25, 0.82)"
"pon8500ug","-1.66 (-6.82, 3.47)","4.71 (-2.8, 12.38)","-0.4 (-5.62, 4.78)","-1.38 (-6.56, 3.75)","2.22 (-4.54, 9.18)","-2.61 (-8.47, 3.16)","-0.82 (-6.67, 5.05)","-0.52 (-6.17, 5.04)","-2.66 (-8.15, 2.92)","-1.46 (-6.94, 3.98)","-1.02 (-6.55, 4.38)","-2.14 (-7.35, 3.03)","-0.54 (-6.29, 5.12)","-0.89 (-6.31, 4.37)","-0.81 (-5.91, 4.29)","0.67 (-7.1, 8.59)","7.84 (-1.21, 16.36)","1.22 (-6.7, 9.35)","0.77 (-4.61, 6.13)","1.07 (-6.98, 9.01)","-2.2 (-11.15, 6.52)","pon8500ug","1.32 (-4.33, 7.04)","-1.36 (-6.86, 4.17)","0.21 (-5.34, 5.86)","0.14 (-5.78, 5.97)","-1.71 (-6.86, 3.51)","-9.85 (-15.79, -3.88)","-8.19 (-14.36, -2.08)","-9.58 (-16.02, -3.63)"
"sem1500mg","-3 (-5.69, -0.36)","3.36 (-2.62, 9.53)","-1.73 (-4.53, 1.04)","-2.71 (-5.4, -0.07)","0.91 (-4.5, 6.18)","-3.99 (-7.73, -0.14)","-2.22 (-6.04, 1.76)","-1.85 (-5.39, 1.67)","-3.98 (-7.24, -0.75)","-2.81 (-5.98, 0.4)","-2.38 (-5.57, 0.85)","-3.5 (-6.26, -0.74)","-1.87 (-5.43, 1.68)","-2.25 (-5.24, 0.77)","-2.15 (-4.71, 0.4)","-0.64 (-6.99, 5.46)","6.46 (-0.94, 13.53)","-0.12 (-6.68, 6.5)","-0.49 (-6.61, 5.11)","-0.34 (-6.57, 6.25)","-3.63 (-11.34, 3.81)","-1.32 (-7.04, 4.33)","sem1500mg","-2.66 (-5.08, -0.24)","-1.09 (-3.88, 1.66)","-1.22 (-5.13, 2.77)","-3.01 (-5.77, -0.3)","-11.2 (-15.17, -7.17)","-9.51 (-13.67, -5.44)","-10.96 (-15.16, -6.84)"
"sem4500mg","-0.33 (-2.64, 1.95)","6.02 (0.08, 12.17)","0.94 (-1.52, 3.41)","-0.05 (-2.35, 2.21)","3.59 (-1.65, 8.74)","-1.29 (-4.9, 2.32)","0.45 (-3.08, 4.19)","0.8 (-2.47, 4.07)","-1.3 (-4.31, 1.65)","-0.14 (-3.03, 2.83)","0.28 (-2.63, 3.25)","-0.83 (-3.22, 1.6)","0.76 (-2.51, 4.1)","0.4 (-2.25, 3.08)","0.52 (-1.63, 2.7)","2.01 (-4.18, 8.07)","9.17 (1.86, 16.02)","2.55 (-3.85, 8.88)","2.17 (-3.74, 7.69)","2.31 (-3.79, 8.65)","-0.94 (-8.7, 6.45)","1.36 (-4.17, 6.86)","2.66 (0.24, 5.08)","sem4500mg","1.59 (-0.84, 3.96)","1.39 (-2.17, 5.43)","-0.36 (-2.71, 2.02)","-8.55 (-12.27, -4.79)","-6.84 (-10.87, -2.98)","-8.3 (-12.18, -4.43)"
"sem8100mg","-1.92 (-4.54, 0.65)","4.45 (-1.5, 10.67)","-0.63 (-3.42, 2.11)","-1.6 (-4.27, 0.9)","2 (-3.43, 7.35)","-2.85 (-6.67, 0.91)","-1.13 (-4.84, 2.74)","-0.76 (-4.26, 2.7)","-2.88 (-6.17, 0.35)","-1.72 (-4.84, 1.47)","-1.29 (-4.45, 1.91)","-2.41 (-5.11, 0.31)","-0.8 (-4.34, 2.79)","-1.17 (-4.12, 1.77)","-1.07 (-3.55, 1.41)","0.49 (-5.85, 6.62)","7.51 (0.22, 14.6)","1 (-5.53, 7.43)","0.55 (-5.35, 6.23)","0.77 (-5.48, 7.22)","-2.54 (-10.33, 5.04)","-0.21 (-5.86, 5.34)","1.09 (-1.66, 3.88)","-1.59 (-3.96, 0.84)","sem8100mg","-0.18 (-3.9, 3.82)","-1.93 (-4.61, 0.72)","-10.13 (-14.01, -6.16)","-8.42 (-12.55, -4.35)","-9.88 (-13.98, -5.85)"
"sol100mg","-1.73 (-5.06, 1.21)","4.57 (-1.75, 11.06)","-0.46 (-3.97, 2.64)","-1.45 (-4.78, 1.46)","2.15 (-3.43, 7.66)","-2.74 (-6.86, 1.36)","-0.96 (-5.35, 3.23)","-0.63 (-4.67, 3.19)","-2.72 (-6.63, 0.75)","-1.54 (-5.24, 1.92)","-1.15 (-4.73, 2.36)","-2.23 (-5.67, 0.8)","-0.66 (-4.55, 3.17)","-1.01 (-4.54, 2.28)","-0.87 (-4.13, 1.98)","0.59 (-5.76, 6.93)","7.66 (0.14, 14.94)","1.17 (-5.63, 7.87)","0.73 (-5.3, 6.6)","0.93 (-5.38, 7.57)","-2.38 (-10.24, 5.38)","-0.14 (-5.97, 5.78)","1.22 (-2.77, 5.13)","-1.39 (-5.43, 2.17)","0.18 (-3.82, 3.9)","sol100mg","-1.78 (-5.17, 1.23)","-9.97 (-14.36, -5.73)","-8.33 (-12.67, -4.04)","-9.72 (-14.38, -5.35)"
"sol400mg","0.03 (-1.25, 1.24)","6.38 (0.8, 12.13)","1.29 (-0.23, 2.82)","0.32 (-0.94, 1.5)","3.94 (-0.93, 8.68)","-0.96 (-3.89, 2.07)","0.82 (-2.16, 3.9)","1.19 (-1.45, 3.78)","-0.94 (-3.2, 1.33)","0.23 (-1.95, 2.44)","0.65 (-1.57, 2.88)","-0.47 (-1.94, 1.01)","1.12 (-1.52, 3.92)","0.77 (-1.1, 2.63)","0.87 (-0.09, 1.86)","2.38 (-3.4, 8.05)","9.44 (2.51, 16.24)","2.93 (-3.11, 9.03)","2.49 (-2.9, 7.69)","2.67 (-3.11, 8.74)","-0.61 (-7.91, 6.59)","1.71 (-3.51, 6.86)","3.01 (0.3, 5.77)","0.36 (-2.02, 2.71)","1.93 (-0.72, 4.61)","1.78 (-1.23, 5.17)","sol400mg","-8.16 (-11.34, -4.95)","-6.49 (-9.95, -3.04)","-7.93 (-11.5, -4.57)"
"til1000mg","8.22 (5.01, 11.29)","14.51 (8.44, 21)","9.47 (6.16, 12.8)","8.49 (5.33, 11.58)","12.12 (6.44, 17.61)","7.19 (3.16, 11.43)","8.97 (4.79, 13.24)","9.35 (5.39, 13.22)","7.24 (3.54, 10.9)","8.4 (4.78, 12.05)","8.81 (5.18, 12.44)","7.72 (4.46, 10.95)","9.31 (5.3, 13.32)","8.95 (5.5, 12.36)","9.07 (5.99, 12.1)","10.51 (4.14, 17.14)","17.62 (10.1, 25.3)","11.1 (4.3, 17.83)","10.73 (4.49, 16.66)","10.88 (4.47, 17.46)","7.6 (-0.38, 15.23)","9.85 (3.88, 15.79)","11.2 (7.17, 15.17)","8.55 (4.79, 12.27)","10.13 (6.16, 14.01)","9.97 (5.73, 14.36)","8.16 (4.95, 11.34)","til1000mg","1.67 (-2.03, 5.35)","0.18 (-3.27, 3.87)"
"til2000mg","6.52 (3.19, 9.9)","12.98 (6.38, 19.36)","7.78 (4.34, 11.35)","6.82 (3.47, 10.17)","10.46 (4.74, 16.03)","5.52 (1.29, 9.95)","7.33 (2.98, 11.69)","7.68 (3.59, 11.74)","5.56 (1.72, 9.41)","6.7 (2.99, 10.63)","7.15 (3.39, 11.03)","6.03 (2.55, 9.54)","7.62 (3.56, 11.87)","7.23 (3.65, 10.98)","7.37 (4.1, 10.7)","8.84 (2.45, 15.43)","15.97 (8.34, 23.68)","9.48 (2.73, 16.31)","8.93 (2.75, 15.07)","9.2 (2.6, 16.16)","5.93 (-2.03, 13.63)","8.19 (2.08, 14.36)","9.51 (5.44, 13.67)","6.84 (2.98, 10.87)","8.42 (4.35, 12.55)","8.33 (4.04, 12.67)","6.49 (3.04, 9.95)","-1.67 (-5.35, 2.03)","til2000mg","-1.44 (-5.22, 2.36)"
"til300mg","7.96 (4.61, 11.42)","14.32 (7.85, 21.11)","9.23 (5.73, 12.96)","8.23 (4.92, 11.75)","11.9 (6.11, 17.56)","6.99 (2.68, 11.26)","8.77 (4.49, 13.02)","9.15 (5.03, 13.1)","7.01 (3.09, 10.8)","8.16 (4.3, 12.13)","8.58 (4.78, 12.63)","7.47 (4.04, 11.06)","9.05 (4.99, 13.64)","8.68 (5.14, 12.54)","8.81 (5.54, 12.2)","10.31 (3.78, 17.16)","17.4 (9.77, 25.14)","10.83 (4.09, 18.23)","10.46 (4.14, 16.44)","10.65 (4.24, 17.76)","7.45 (-0.82, 15.25)","9.58 (3.63, 16.02)","10.96 (6.84, 15.16)","8.3 (4.43, 12.18)","9.88 (5.85, 13.98)","9.72 (5.35, 14.38)","7.93 (4.57, 11.5)","-0.18 (-3.87, 3.27)","1.44 (-2.36, 5.22)","til300mg"
